<?xml version='1.0' encoding='utf-8' ?>
<Windows ClientWidth='1817' ClientHeight='856' xmlns='http://schemas.microsoft.com/office/visio/2012/main' xmlns:r='http://schemas.openxmlformats.org/officeDocument/2006/relationships' xml:space='preserve'><Window ID='0' WindowType='Drawing' WindowState='1073741824' WindowLeft='-9' WindowTop='-38' WindowWidth='1835' WindowHeight='903' ContainerType='Page' Page='0' ViewScale='-1' ViewCenterX='4.253968447154' ViewCenterY='5.4920637414749'><ShowRulers>1</ShowRulers><ShowGrid>0</ShowGrid><ShowPageBreaks>1</ShowPageBreaks><ShowGuides>1</ShowGuides><ShowConnectionPoints>1</ShowConnectionPoints><GlueSettings>9</GlueSettings><SnapSettings>65847</SnapSettings><SnapExtensions>34</SnapExtensions><SnapAngles/><DynamicGridEnabled>1</DynamicGridEnabled><TabSplitterPos>0.5</TabSplitterPos></Window></Windows>